11520.7;1752.16
11417.5;1769.71
11317.8;1802.35
11220.5;1841.53
11124.9;1884.87
11030.8;1931.32
10938;1980.34
10846.4;2031.59
10756;2084.87
10666.7;2140.04
10578.6;2197.02
10491.6;2255.77
10405.9;2316.27
10321.4;2378.52
10238.2;2442.54
10156.5;2508.36
10077;2578.06
9998.58;2648.99
9921.32;2721.18
9845.27;2794.65
9770.49;2869.39
9697.02;2945.43
9624.92;3022.77
9554.26;3101.43
9485.09;3181.4
9417.46;3262.68
9351.44;3345.27
9287.1;3429.16
9224.47;3514.36
9163.63;3600.83
9104.62;3688.57
9047.51;3777.55
8992.33;3867.75
8939.15;3959.13
8888;4051.67
8838.93;4145.33
8791.98;4240.06
8747.17;4335.83
8704.53;4432.59
8664.08;4530.28
8625.85;4628.86
8589.83;4728.27
8556.05;4828.46
8524.49;4929.37
8495.14;5030.95
8468.01;5133.15
8443.07;5235.9
8420.3;5339.15
8399.67;5442.85
8381.16;5546.95
8364.73;5651.4
8350.34;5756.15
8337.95;5861.16
8327.52;5966.38
8319.01;6071.77
8312.36;6177.29
8307.53;6282.92
8304.47;6388.61
8303.14;6494.33
8303.47;6600.07
8305.43;6705.78
8308.95;6811.46
8313.99;6917.07
8320.51;7022.61
8328.44;7128.05
8337.75;7233.37
8348.38;7338.57
8360.3;7443.63
8373.45;7548.55
8387.79;7653.3
8403.28;7757.9
8419.88;7862.32
8437.54;7966.57
8456.24;8070.64
8475.92;8174.53
8496.56;8278.23
8518.11;8381.75
8540.55;8485.07
8563.84;8588.21
8587.95;8691.16
8612.85;8793.92
8638.5;8896.5
8664.89;8998.89
8691.98;9101.09
8719.74;9203.12
8748.16;9304.96
8777.2;9406.63
8806.85;9508.13
8837.07;9609.45
8867.85;9710.61
8899.16;9811.6
8930.99;9912.43
8963.32;10013.1
8996.12;10113.6
9029.38;10214
9063.08;10314.2
9097.2;10414.3
9131.72;10514.2
9166.64;10614
9201.93;10713.7
9237.57;10813.3
9273.57;10912.7
9309.89;11012
9346.53;11111.2
9382.67;11209.6
9418.38;11308.2
9453.71;11405.8
9489.49;11503.2
9526.17;11600.4
9564.2;11697
9604.03;11792.8
9646.06;11887.8
9690.65;11981.5
9738.07;12073.8
9788.54;12164.6
9838.57;12249.4
9889.93;12333.4
9942.52;12416.6
9996.3;12499.1
10051.2;12580.8
10107.1;12661.9
10163.9;12742.3
10221.6;12822
10280.2;12901.2
10339.4;12979.8
10399.4;13058
10460;13135.6
10521.1;13212.8
10580.5;13286.6
10640.3;13360
10700.7;13433
10761.5;13505.6
10822.7;13578
10884.2;13650
10946;13721.7
11008.1;13793.3
10996.4;13768.5
10952.8;13672.9
10910.6;13576.8
10869.8;13480
10830.4;13382.6
10792.4;13284.7
10755.7;13186.3
10720.3;13087.4
10686.2;12988.1
10653.2;12888.4
10621.3;12788.4
10590.5;12688
10560.7;12587.2
10532;12486.2
10504.1;12385
10477.2;12283.5
10451.1;12181.7
10425.8;12079.8
10401.3;11977.7
10377.4;11875.4
10354.3;11773
10331.8;11670.4
10309.8;11567.7
10288.3;11464.9
10267.3;11362.1
10246.9;11259.1
10227;11156
10207.6;11052.8
10188.7;10949.5
10170.4;10846.1
10152.5;10742.6
10135.2;10639
10118.4;10535.4
10102;10431.6
10086.2;10327.8
10070.9;10224
10056.1;10120
10041.8;10016
10027.9;9911.89
10014.6;9807.74
10001.7;9703.52
9989.38;9599.25
9977.5;9494.92
9966.1;9390.53
9955.18;9286.1
9944.74;9181.61
9934.77;9077.08
9925.27;8972.51
9916.24;8867.89
9907.68;8763.23
9899.59;8658.54
9891.96;8553.81
9884.78;8449.05
9878.07;8344.26
9871.81;8239.44
9866;8134.6
9860.65;8029.73
9855.74;7924.84
9851.28;7819.93
9847.27;7715
9843.7;7610.06
9840.56;7505.1
9837.87;7400.13
9835.61;7295.15
9833.78;7190.16
9832.39;7085.16
9831.42;6980.16
9830.88;6875.16
9830.76;6770.15
9831.07;6665.15
9831.8;6560.15
9832.94;6455.15
9834.5;6350.16
9836.47;6245.17
9838.86;6140.19
9841.66;6035.22
9844.86;5930.27
9848.47;5825.32
9852.48;5720.39
9856.89;5615.48
9861.71;5510.59
9866.92;5405.71
9872.52;5300.85
9878.52;5196.02
9884.91;5091.21
9891.69;4986.42
9898.86;4881.66
9906.67;4777.52
9915.59;4673.46
9925.79;4569.52
9937.47;4465.74
9950.84;4362.16
9966.11;4258.85
9983.52;4155.87
10003.3;4053.33
10025.7;3951.32
10050.9;3849.98
10079.2;3749.45
10110.8;3649.9
10145.8;3551.51
10184.4;3454.47
10226.7;3358.98
10272.7;3265.25
10322.5;3173.45
10376;3083.76
10433.1;2996.33
10493.7;2911.26
10552.3;2845.8
10613.4;2782.64
10675.1;2720.04
10737;2657.66
10799;2595.36
10871.6;2522.41
10944.2;2449.37
11016.6;2376.16
11088.7;2302.72
11160.5;2228.95
11231.9;2154.75
11302.6;2079.96
11372.4;2004.29
11440.8;1927.33
11506.6;1848.13
11561.4;1761.66
11536.9;1753.06
11520.7;1752.16
11520.7;1752.16
11177.6;14046.7
11226.3;14135.5
11276.5;14223.5
11328.5;14310.4
11382.2;14396.3
11437.6;14481.1
11494.8;14564.8
11553.7;14647.1
11614.5;14728.2
11677.1;14807.8
11741.6;14886
11807.9;14962.5
11876;15037.5
11946;15110.7
12017.9;15182.1
12091.5;15251.7
12167;15319.3
12126.8;15238.7
12087.3;15157.7
12048.6;15076.4
12010.5;14994.8
11942;14914.1
11873;14833.8
11803.7;14753.9
11734.1;14674.1
11664.3;14594.7
11594.2;14515.4
11524;14436.2
11453.7;14357.1
11383.3;14278.1
11314.7;14201
11246.1;14123.9
11177.6;14046.7
11177.6;14046.7
13105;17098.9
13206;17105.6
13304.4;17129.1
13394.2;17175.3
13426.7;17117.8
13444;17016.4
13439;16913.3
13422.6;16811.3
13398.2;16711
13366.7;16612.6
13328.1;16516.8
13280.8;16425.1
13221.2;16340.8
13140.5;16277.8
13076.4;16260.2
13010.4;16252
12927.4;16240.6
12848.7;16212.8
12785.8;16158.5
12735.5;16070.5
12697.7;15976.3
12671.6;15909.3
12640.8;15844.5
12590.9;15759.8
12538.3;15676.8
12483.4;15595.3
12426.6;15515.2
12368.1;15436.2
12308.1;15358.4
12247.1;15281.4
12185.2;15205
12122.8;15129.2
12111.5;15115.5
12156.1;15207.5
12201.6;15299
12248.1;15390.1
12242.9;15414.8
12217.6;15414.7
12137.7;15346.8
12059.6;15276.7
11983.5;15204.6
11909.3;15130.5
11837;15054.5
11766.8;14976.6
11698.5;14897
11632.3;14815.7
11568;14732.8
11505.7;14648.4
11445.4;14562.6
11386.9;14475.5
11330.4;14387.2
11275.7;14297.7
11222.8;14207.2
11171.6;14115.6
11122.2;14023.1
11074.4;13929.8
11008;13854.1
10941.9;13778.2
10876.1;13702
10810.6;13625.6
10745.5;13548.8
10680.8;13471.6
10616.6;13394.1
10553;13316.1
10489.9;13237.7
10428.5;13160.1
10367.6;13082.2
10307.4;13003.7
10247.8;12924.7
10189;12845.2
10131;12765
10073.9;12684.2
10017.7;12602.8
9962.63;12520.7
9908.61;12437.8
9855.77;12354.2
9804.19;12269.8
9753.93;12184.6
9703.06;12093.2
9655.24;12000.1
9610.27;11905.7
9567.88;11810.1
9527.73;11713.5
9489.39;11616.2
9452.42;11518.3
9416.37;11420.1
9380.76;11321.8
9345.11;11223.3
9309.03;11125.1
9272.87;11027.2
9236.98;10929.3
9201.39;10831.2
9166.11;10733.1
9131.15;10634.8
9096.53;10536.4
9062.26;10437.9
9028.37;10339.2
8994.87;10240.4
8961.79;10141.5
8929.13;10042.5
8896.93;9943.24
8865.2;9843.88
8833.97;9744.35
8803.26;9644.67
8773.09;9544.82
8743.49;9444.8
8714.48;9344.61
8686.09;9244.24
8658.33;9143.69
8631.25;9042.96
8604.85;8942.04
8579.17;8840.95
8554.22;8739.66
8529.97;8637.89
8506.52;8535.94
8483.91;8433.79
8462.17;8331.45
8441.33;8228.93
8421.42;8126.22
8402.49;8023.33
8384.57;7920.26
8367.7;7817.01
8351.91;7713.59
8337.26;7610
8323.77;7506.25
8311.49;7402.36
8300.47;7298.32
8290.74;7194.16
8282.35;7089.87
8275.35;6985.49
8269.77;6881.02
8265.66;6776.48
8263.05;6671.9
8262;6567.28
8262.54;6462.66
8264.76;6356.93
8268.72;6251.25
8274.47;6145.65
8282.04;6040.16
8291.48;5934.82
8302.84;5829.68
8316.14;5724.76
8331.42;5620.12
8348.72;5515.78
8368.07;5411.81
8389.5;5308.25
8413.03;5205.14
8438.68;5102.55
8466.48;5000.51
8496.43;4899.08
8528.55;4798.32
8562.84;4698.28
8599.29;4599
8637.91;4500.55
8678.69;4402.97
8721.6;4306.31
8766.64;4210.62
8813.77;4115.95
8862.96;4022.33
8914.2;3929.81
8967.43;3838.43
9022.61;3748.21
9079.71;3659.19
9138.68;3571.4
9199.47;3484.86
9262.02;3399.59
9326.28;3315.6
9392.21;3232.9
9459.74;3151.51
9528.82;3071.44
9599.4;2992.68
9671.42;2915.23
9744.82;2839.09
9819.54;2764.25
9895.55;2690.72
9972.78;2618.46
10051.2;2547.48
10130.7;2477.76
10209.7;2414.11
10290;2352.16
10371.6;2291.85
10454.4;2233.15
10538.2;2176.04
10623.1;2120.54
10709.1;2066.68
10796.1;2014.52
10884.2;1964.17
10973.4;1915.8
11063.8;1869.67
11155.4;1826.19
11248.6;1786.04
11343.6;1750.54
11441.1;1722.69
11541.7;1713.36
11595.5;1739.96
11575.6;1820.33
11523.4;1891.03
11466.9;1958.34
11408.6;2024.04
11349.1;2088.76
11285.1;2156.81
11220.6;2224.32
11155.6;2291.44
11090.3;2358.24
11024.8;2424.81
10959.1;2491.2
10893.3;2557.46
10827.4;2623.66
10766.2;2685.13
10705.1;2746.68
10644.2;2808.45
10583.8;2870.73
10525.8;2935.16
10465.9;3019.31
10409.4;3105.81
10356.6;3194.55
10307.4;3285.38
10262;3378.14
10220.2;3472.63
10182.2;3568.65
10147.7;3666
10116.6;3764.5
10088.7;3863.96
10063.8;3964.22
10041.8;4065.13
10022.3;4166.57
10005.1;4268.43
9990.07;4370.63
9976.88;4473.08
9965.36;4575.73
9955.29;4678.54
9946.49;4781.46
9938.76;4884.46
9931.6;4989.05
9924.84;5093.66
9918.45;5198.3
9912.47;5302.95
9906.87;5407.64
9901.67;5512.34
9896.86;5617.06
9892.45;5721.79
9888.45;5826.55
9884.84;5931.31
9881.65;6036.1
9878.85;6140.89
9876.47;6245.69
9874.5;6350.5
9872.94;6455.32
9871.79;6560.14
9871.07;6664.97
9870.76;6769.8
9870.87;6874.63
9871.41;6979.46
9872.38;7084.28
9873.77;7189.1
9875.59;7293.92
9877.84;7398.72
9880.53;7503.52
9883.66;7608.3
9887.22;7713.07
9891.23;7817.82
9895.68;7922.56
9900.57;8027.27
9905.92;8131.97
9911.71;8236.64
9917.96;8341.28
9924.66;8445.9
9931.81;8550.48
9939.43;8655.03
9947.51;8759.55
9956.05;8864.03
9965.06;8968.48
9974.54;9072.88
9984.49;9177.23
9994.92;9281.54
10005.8;9385.8
10017.2;9490.01
10029.1;9594.17
10041.4;9698.27
10054.2;9802.31
10067.5;9906.3
10081.3;10010.2
10095.6;10114.1
10110.4;10217.8
10125.7;10321.6
10141.5;10425.2
10157.8;10528.7
10174.6;10632.2
10191.9;10735.6
10209.7;10838.9
10228;10942.1
10246.9;11045.3
10266.2;11148.3
10286.1;11251.2
10306.5;11354
10327.4;11456.8
10348.8;11559.4
10370.8;11661.9
10393.3;11764.3
10415.9;11864.3
10439;11964.2
10462.8;12064
10487.3;12163.6
10512.5;12263
10538.6;12362.2
10565.4;12461.2
10593.2;12559.9
10622;12658.4
10651.7;12756.5
10682.4;12854.4
10714.3;12951.9
10747.2;13049
10781.4;13145.7
10816.7;13242
10853.3;13337.8
10891.2;13433.1
10930.5;13527.8
10971.1;13622
11013.2;13715.5
11056.8;13808.4
11101.9;13900.5
11163.9;13970.9
11226.1;14041.1
11288.4;14111.3
11350.7;14181.4
11413.1;14251.5
11480.8;14327.5
11548.5;14403.6
11616;14479.7
11683.5;14556
11750.7;14632.4
11817.7;14709
11884.5;14785.9
11950.9;14863.1
11908.8;14767
11867.7;14670.5
11827.6;14573.6
11788.4;14476.3
11750.2;14378.6
11713;14280.6
11676.8;14182.1
11641.6;14083.3
11607.3;13984.2
11574.1;13884.7
11541.8;13784.9
11510.5;13684.8
11480.3;13584.4
11451;13483.7
11423.1;13383.8
11396.1;13283.7
11370.2;13183.4
11345.2;13082.8
11321.2;12981.9
11298.2;12880.8
11276.2;12779.5
11255.1;12678
11235.1;12576.3
11216;12474.4
11198;12372.3
11180.9;12270.1
11164.9;12167.7
11149.8;12065.1
11135.7;11962.4
11122.7;11859.6
11110.7;11756.6
11099.6;11653.5
11089.6;11550.3
11080.6;11447.1
11073;11342.5
11067.3;11237.8
11063.4;11133
11061.2;11028.1
11060.6;10923.3
11061.5;10818.4
11063.7;10713.6
11067.2;10608.8
11071.9;10504
11077.6;10399.3
11084.3;10294.6
11091.9;10190.1
11100.2;10085.5
11109.1;9981.03
11118.6;9876.6
11128.5;9772.2
11138.8;9667.84
11149.2;9563.5
11159.8;9459.16
11169.9;9358.92
11180;9258.66
11189.9;9158.38
11199.4;9058.08
11208.6;8957.73
11217.3;8857.35
11225.5;8756.92
11233;8656.44
11239.7;8555.91
11245.6;8455.32
11250.6;8354.68
11254.5;8253.99
11257.3;8153.27
11258.8;8052.52
11259;7951.76
11257.9;7848.12
11255.8;7744.5
11252.8;7640.89
11248.8;7537.32
11244.1;7433.78
11238.6;7330.28
11232.4;7226.82
11225.6;7123.39
11218.2;7020.01
11210.3;6916.66
11202;6813.35
11193.3;6710.07
11184.3;6606.81
11175;6503.58
11165.5;6400.36
11156;6297.16
11146.3;6193.96
11136.6;6090.16
11127;5986.35
11117.5;5882.53
11108.1;5778.69
11099.1;5674.83
11090.4;5570.94
11082;5467.02
11074.1;5363.06
11066.7;5259.06
11059.9;5155.03
11053.7;5050.96
11048.2;4946.85
11043.5;4842.7
11039.6;4738.52
11036.6;4634.31
11034.5;4530.07
11033.5;4425.82
11033.6;4321.56
11034.6;4221.96
11036.7;4122.36
11039.8;4022.79
11044.2;3923.28
11050;3823.83
11057.3;3724.49
11066.2;3625.27
11076.9;3526.23
11089.4;3427.41
11104;3328.88
11120.9;3230.69
11140.1;3132.95
11161.9;3035.76
11186.5;2939.23
11214.1;2843.54
11245.1;2748.86
11281.7;2650.28
11322.7;2553.43
11368.4;2458.72
11419.1;2366.61
11475.2;2277.66
11536.9;2192.49
11604.3;2111.82
11677.6;2036.4
11756.6;1966.98
11841;1904.27
11930.3;1848.85
12024;1801.13
12121.3;1761.31
12221.5;1729.36
12323.8;1705.06
12343.4;1712.26
12346;1732.96
12304.8;1827.88
12266.6;1924.04
12231.4;2021.37
12199.4;2119.77
12170.5;2219.14
12144.9;2319.38
12122.4;2420.39
12103;2522.04
12086.8;2624.24
12073.6;2726.87
12063.3;2829.84
12055.9;2933.06
12051.2;3036.43
12049;3139.89
12049.4;3243.37
12052;3346.82
12056.8;3450.19
12063.7;3553.44
12072.4;3656.56
12082.9;3759.51
12095;3862.28
12108.6;3964.86
12123.5;4067.26
12139.7;4169.47
12157.1;4271.49
12175.4;4373.33
12194.7;4475
12214.8;4576.51
12235.7;4677.86
12256.4;4779.89
12275.9;4882.17
12294;4984.68
12310.9;5087.41
12326.5;5190.34
12340.9;5293.45
12353.9;5396.74
12365.7;5500.18
12376.1;5603.76
12385.4;5707.46
12393.4;5811.26
12400.1;5915.15
12405.7;6019.11
12410.1;6123.13
12413.3;6227.19
12415.5;6331.27
12416.6;6435.38
12416.6;6539.48
12415.7;6643.59
12413.8;6747.68
12411;6851.75
12407.4;6955.8
12403;7059.81
12397.8;7163.79
12392;7267.74
12385.5;7371.64
12378.4;7475.51
12370.8;7579.34
12362.8;7683.14
12354.3;7786.9
12345.4;7890.63
12336.2;7994.33
12326.7;8098.01
12317;8201.66
12307.1;8305.3
12297.1;8408.93
12287;8512.55
12276.9;8616.16
12273.7;8649.26
12263.9;8751.35
12254.6;8853.48
12245.7;8955.65
12237.2;9057.85
12229.1;9160.08
12221.4;9262.34
12214;9364.62
12206.9;9466.93
12200.1;9569.26
12193.6;9671.61
12187.4;9773.97
12181.5;9876.35
12175.8;9978.75
12170.3;10081.2
12165;10183.6
12159.9;10286
12155;10388.4
12150.2;10490.9
12145.6;10593.3
12141.1;10695.8
12136.7;10798.2
12132.4;10900.7
12128.1;11003.2
12123.9;11105.6
12119.7;11208.1
12115.6;11310.6
12113.4;11365.2
12111.2;11419.9
12106.2;11524.5
12100.1;11629
12093.3;11733.5
12086.1;11838
12078.8;11942.5
12071.6;12045.7
12064.4;12149
12057.5;12252.2
12050.9;12355.5
12044.7;12458.9
12039;12562.2
12033.8;12665.6
12029.3;12769
12025.4;12872.4
12022.3;12975.9
12020;13079.4
12018.6;13182.8
12018.3;13286.3
12019;13389.9
12020.8;13493.3
12024;13596.8
12028.4;13700.2
12034.4;13803.5
12041.9;13906.8
12051.3;14010.9
12062.6;14114.9
12076;14218.6
12091.7;14322
12110;14425
12131.2;14527.4
12155.5;14629.1
12183.4;14729.9
12215.3;14829.5
12251.6;14927.6
12292.9;15023.7
12339.7;15117.2
12392.6;15207.4
12452.2;15293.3
12518.8;15373.9
12592.7;15447.9
12577.8;15343.4
12564.4;15238.7
12552.5;15133.8
12542;15028.7
12532.9;14923.6
12525.3;14818.3
12519;14712.9
12514;14607.5
12510.3;14502
12507.9;14396.5
12506.8;14290.9
12506.8;14185.4
12508.1;14079.8
12510.4;13974.3
12513.9;13868.8
12518.5;13763.3
12524.1;13657.9
12530.7;13552.6
12538.2;13447.3
12546.8;13342.1
12556.2;13236.9
12566.5;13131.9
12577.6;13026.9
12589.6;12922
12602.3;12817.2
12615.8;12712.5
12630;12607.9
12644.9;12503.4
12660.4;12399
12676.6;12294.7
12693.4;12190.5
12710.7;12086.4
12728.5;11982.3
12746.9;11878.4
12765.7;11774.5
12785;11670.7
12804.7;11567
12824.8;11463.4
12845.2;11359.9
12866;11256.4
12887.1;11152.9
12908.4;11049.6
12930;10946.2
12951.9;10843
12973.9;10739.7
12996.1;10636.5
13018.4;10533.4
13040.9;10430.2
13063.4;10327.1
13086;10224
13108.6;10120.9
13131.1;10018.5
13153.5;9916.1
13175.8;9813.71
13198.1;9711.29
13220.3;9608.86
13242.3;9506.39
13264.2;9403.88
13285.8;9301.33
13307.3;9198.74
13328.5;9096.09
13349.3;8993.39
13369.9;8890.62
13390.1;8787.78
13410;8684.86
13429.4;8581.86
13448.3;8479.01
13466.6;8376.06
13484.3;8273
13501.4;8169.83
13517.9;8066.56
13533.6;7963.17
13548.5;7859.67
13562.7;7756.06
13576;7652.34
13588.5;7548.52
13600.1;7444.59
13610.8;7340.57
13620.6;7236.45
13629.3;7132.25
13637.1;7027.96
13643.8;6923.61
13649.5;6819.19
13654;6714.71
13657.4;6610.19
13659.6;6505.64
13660.6;6401.08
13660.4;6296.5
13658.8;6191.94
13656;6087.41
13651.8;5982.92
13646.2;5878.5
13639.1;5774.17
13630.6;5669.94
13620.6;5565.85
13609;5461.92
13595.8;5358.18
13581.1;5254.66
13564.6;5151.39
13546.4;5048.41
13526.5;4945.75
13504.8;4843.46
13481.3;4741.56
13455.9;4640.12
13428.6;4539.16
13399.5;4438.75
13368.3;4338.93
13335.2;4239.75
13300;4141.26
13269.4;4060.14
13237.6;3979.43
13205.1;3899.03
13172.1;3818.84
13138.8;3738.76
13102.5;3651.42
13066.5;3563.94
13031.2;3476.16
12997;3387.98
12964.1;3299.26
12933.1;3209.92
12904.1;3119.88
12877.6;3029.07
12854;2937.46
12832.9;2839.81
12816.2;2741.31
12804.1;2642.15
12796.8;2542.51
12794.7;2442.63
12798.2;2342.79
12807.7;2243.35
12823.8;2144.76
12846.9;2047.57
12877.3;1952.44
12915.5;1860.14
12961.5;1771.47
13015.2;1687.26
13030.8;1678.76
13047.1;1686.16
13112.8;1768.6
13177.4;1851.91
13240.9;1936.07
13303.2;2021.06
13364.4;2106.88
13424.5;2193.49
13483.4;2280.89
13541.2;2369.05
13597.9;2457.95
13653.4;2547.57
13707.7;2637.91
13760.9;2728.93
13812.9;2820.63
13863.7;2912.98
13913.3;3005.98
13961.8;3099.59
14009.1;3193.81
14055.1;3288.61
14100;3383.98
14143.7;3479.91
14186.2;3576.38
14227.5;3673.36
14267.6;3770.85
14306.5;3868.83
14344.2;3967.28
14380.7;4066.19
14415.9;4165.54
14449.9;4265.31
14482.7;4365.49
14514.3;4466.07
14544.6;4567.02
14573.7;4668.33
14601.6;4770
14628.2;4871.99
14653.6;4974.3
14677.8;5076.91
14700.7;5179.8
14722.3;5282.97
14742.7;5386.39
14761.9;5490.05
14779.7;5593.94
14796.4;5698.03
14811.7;5802.32
14825.8;5906.79
14838.6;6011.41
14850.2;6116.19
14860.5;6221.1
14869.5;6326.13
14877.2;6431.26
14883.6;6536.48
14888.8;6641.76
14892.4;6743.66
14894.6;6845.59
14895.4;6947.55
14894.7;7049.5
14892.6;7151.44
14889.1;7253.34
14884.3;7355.18
14878.1;7456.95
14870.6;7558.63
14861.8;7660.21
14851.7;7761.66
14840.3;7862.99
14827.7;7964.17
14814;8065.19
14799.1;8166.05
14783;8266.74
14765.8;8367.24
14747.6;8467.56
14728.3;8567.68
14708;8667.59
14686.7;8767.3
14664.5;8866.8
14641.3;8966.09
14617.2;9065.16
14591.6;9166.53
14565.2;9267.67
14538;9368.6
14510;9469.31
14481.2;9569.82
14451.8;9670.14
14421.7;9770.26
14391.1;9870.2
14359.9;9969.97
14328.1;10069.6
14295.9;10169
14263.2;10268.3
14230.2;10367.5
14196.7;10466.5
14162.9;10565.5
14128.9;10664.3
14094.5;10763
14060;10861.7
14025.2;10960.3
13990.3;11058.8
13955.3;11157.3
13920.2;11255.8
13885.1;11354.3
13850.7;11450.6
13816.4;11547
13782.1;11643.5
13747.9;11739.9
13713.9;11836.4
13680.1;11933
13646.4;12029.6
13613;12126.3
13579.8;12223.2
13547;12320.1
13514.5;12417.1
13482.3;12514.2
13450.6;12611.5
13419.3;12708.9
13388.5;12806.5
13358.1;12904.2
13328.3;13002.1
13299.1;13100.2
13270.4;13198.4
13242.4;13296.9
13215.1;13395.5
13192.6;13476.6
13169.6;13557.6
13146.5;13638.6
13118.4;13736.7
13090.6;13834.9
13063.2;13933.2
13036.5;14031.7
13010.5;14130.4
12985.4;14229.4
12961.5;14328.6
12938.7;14428.1
12917.4;14527.9
12897.7;14628.1
12879.8;14728.5
12863.9;14829.4
12850.4;14930.5
12839.5;15032
12831.6;15133.8
12827.2;15235.8
12826.9;15337.8
12831.2;15439.8
12841.1;15541.4
12857.4;15642.1
12881.2;15741.3
12913.9;15838
12925.8;15765.8
12926.8;15760
12944.5;15657.6
12964.4;15555.6
12986.3;15454.1
13010.3;15353
13036.3;15252.4
13064.2;15152.3
13093.9;15052.7
13125.3;14953.7
13158.3;14855.2
13192.9;14757.3
13229;14659.8
13266.6;14563
13305.4;14466.6
13345.4;14370.7
13386.7;14275.4
13428.9;14180.5
13472.2;14086
13516.4;13992
13561.4;13898.3
13607.2;13805.1
13653.6;13712.1
13700.6;13619.5
13748.1;13527
13795.9;13434.8
13844.1;13342.8
13892.5;13250.8
13941;13159
13988.1;13070.1
14035.3;12981.3
14082.8;12892.6
14130.3;12804
14178;12715.4
14225.8;12626.9
14273.7;12538.4
14321.6;12450
14369.5;12361.6
14418.2;12271.7
14466.9;12181.9
14515.5;12092.1
14564;12002.2
14612.4;11912.2
14660.7;11822.2
14708.9;11732.1
14756.9;11641.9
14804.6;11551.6
14852.2;11461.1
14899.5;11370.6
14946.5;11279.9
14993.2;11189
15039.6;11098
15085.6;11006.8
15131.3;10915.4
15176.5;10823.8
15221.3;10731.9
15265.6;10639.9
15309.5;10547.6
15352.8;10455.1
15395.5;10362.3
15437.7;10269.2
15479.2;10175.9
15521.4;10079.6
15563.1;9983.18
15604.3;9886.54
15645.1;9789.67
15685.2;9692.57
15724.8;9595.22
15763.7;9497.62
15801.9;9399.75
15839.5;9301.61
15876.3;9203.19
15912.3;9104.49
15947.5;9005.49
15981.9;8906.19
16015.4;8806.59
16047.9;8706.68
16079.5;8606.47
16110.1;8505.95
16139.7;8405.12
16168.2;8303.98
16195.5;8202.53
16221.8;8100.78
16246.8;7998.72
16270.5;7896.37
16293;7793.73
16314.2;7690.8
16333.9;7587.6
16352.3;7484.14
16369.2;7380.43
16384.5;7276.48
16398.3;7172.31
16410.4;7067.94
16420.9;6963.39
16429.7;6858.68
16436.7;6753.84
16441.9;6648.89
16445.1;6543.87
16446.5;6438.8
16445.9;6333.73
16443.3;6228.69
16438.6;6123.72
16431.8;6018.86
16422.9;5914.17
16411.8;5809.69
16398.4;5705.46
16382.8;5601.92
16364.8;5498.76
16344.4;5396.05
16321.7;5293.83
16296.7;5192.16
16269.3;5091.09
16239.6;4990.68
16207.6;4890.97
16173.3;4792.02
16136.8;4693.87
16098.2;4596.56
16057.3;4500.13
16014.4;4404.62
15969.4;4310.06
15922.4;4216.48
15873.5;4123.91
15822.6;4032.38
15769.9;3941.91
15715.4;3852.51
15659.1;3764.2
15601.1;3676.99
15541.5;3590.9
15480.3;3505.93
15417.6;3422.08
15353.4;3339.35
15287.8;3257.75
15220.8;3177.28
15152.5;3097.93
15082.9;3019.69
15012;2942.56
14940;2866.54
14866.9;2791.6
14792.6;2717.75
14717.4;2644.96
14641.1;2573.24
14563.8;2502.56
14485.6;2432.91
14406.5;2364.28
14326.6;2296.66
14245.8;2230.02
14164.2;2164.36
14081.9;2099.66
13998.8;2035.91
13915;1973.08
13830.6;1911.17
13745.5;1850.16
13659.7;1790.03
13573.4;1730.77
13486.5;1672.36
13478.7;1649.26
13499.2;1635.76
13601.2;1645.02
13703;1656.83
13804.4;1671.18
13905.4;1688.06
14006;1707.47
14106.1;1729.37
14205.6;1753.75
14304.4;1780.59
14402.6;1809.86
14500;1841.52
14596.7;1875.53
14692.4;1911.88
14787.3;1950.51
14881.2;1991.38
14974.2;2034.45
15066.1;2079.68
15156.9;2127.02
15246.7;2176.42
15335.3;2227.84
15422.7;2281.22
15508.9;2336.51
15593.9;2393.67
15677.7;2452.65
15760.2;2513.39
15841.4;2575.84
15921.3;2639.96
15999.8;2705.69
16077.1;2772.98
16153;2841.79
16227.5;2912.06
16300.8;2983.91
16372.7;3057.16
16443.1;3131.8
16512.1;3207.77
16579.6;3285.04
16645.7;3363.58
16710.3;3443.33
16773.4;3524.28
16835;3606.38
16895;3689.6
16953.5;3773.91
17010.5;3859.28
17065.9;3945.67
17119.7;4033.06
17171.9;4121.41
17222.6;4210.69
17271.5;4300.87
17318.9;4391.93
17364.5;4483.84
17408.5;4576.56
17450.8;4670.07
17491.4;4764.35
17530.2;4859.35
17567.2;4955.05
17602.5;5051.43
17636;5148.45
17667.6;5246.09
17697.4;5344.31
17725.2;5443.08
17751.2;5542.36
17775.4;5643.34
17797.6;5744.81
17817.6;5846.71
17835.5;5949
17851.3;6051.64
17865;6154.58
17876.6;6257.77
17886.2;6361.18
17893.7;6464.76
17899.2;6568.47
17902.6;6672.26
17904.1;6776.09
17903.6;6879.94
17901.1;6983.76
17896.8;7087.52
17890.6;7191.19
17882.5;7294.72
17872.6;7398.1
17861;7501.29
17847.6;7604.28
17832.5;7707.02
17815.7;7809.51
17797.3;7911.71
17777.3;8013.62
17755.7;8115.2
17732.6;8216.45
17708.1;8317.35
17682;8417.88
17654.6;8518.03
17625.7;8617.8
17595.5;8717.16
17564;8816.11
17531.2;8914.64
17497.1;9012.75
17461.9;9110.43
17425.4;9207.66
17387.6;9304.79
17348.7;9401.44
17308.6;9497.64
17267.5;9593.37
17225.2;9688.63
17181.9;9783.43
17137.6;9877.75
17092.4;9971.61
17046.1;10065
16998.9;10157.9
16950.8;10250.4
16901.9;10342.3
16852;10433.8
16801.3;10524.9
16749.7;10615.4
16697.4;10705.5
16644.2;10795.2
16590.3;10884.3
16535.5;10973
16480.1;11061.2
16423.8;11149
16366.9;11236.2
16309.2;11323
16250.9;11409.4
16191.8;11495.2
16132.1;11580.6
16071.7;11665.5
16010.6;11750
15948.9;11833.9
15886.5;11917.4
15823.5;12000.4
15759.9;12082.9
15695.6;12165
15630.8;12246.6
15565.3;12327.7
15499.3;12408.3
15435.3;12484.8
15370.5;12560.6
15304.9;12635.8
15238.6;12710.4
15171.8;12784.5
15104.5;12858.2
15036.9;12931.5
14968.9;13004.6
14900.8;13077.5
14832.6;13150.4
14764.1;13223.6
14695.6;13296.8
14627.4;13370.3
14559.4;13444
14491.8;13518.1
14424.7;13592.6
14358.1;13667.6
14292.2;13743.1
14227.1;13819.4
14162.9;13896.4
14099.6;13974.2
14037.4;14052.8
13976.5;14132.5
13913.9;14216.4
13852.2;14301
13791.4;14386.3
13731.8;14472.4
13673.6;14559.4
13616.9;14647.4
13562;14736.6
13509.1;14826.9
13458.5;14918.6
13410.5;15011.6
13365.5;15106.2
13324;15202.3
13286.7;15300.1
13254;15399.6
13227;15500.7
13206.4;15603.4
13193.5;15707.3
13189.5;15811.9
13195.6;15916.4
13228.8;15995.4
13307.1;15949.5
13368.4;15879
13423.5;15803.4
13475.1;15725.5
13481.3;15715.9
13534.2;15635
13588.5;15555
13644.1;15475.9
13701;15397.8
13759.2;15320.6
13818.6;15244.4
13879.2;15169
13940.8;15094.6
14006.4;15017.3
14072.9;14940.7
14140.1;14864.8
14208;14789.5
14276.5;14714.7
14345.5;14640.4
14415;14566.6
14485;14493.2
14555.3;14420.2
14625.9;14347.4
14696.7;14274.9
14767.8;14202.5
14838.9;14130.2
14910.1;14058.1
14963.2;14004.3
15016.2;13950.5
15069.2;13896.7
15137.5;13827.4
15205.9;13758.2
15274.3;13689
15342.9;13620
15411.5;13551.1
15480.2;13482.2
15549;13413.3
15617.7;13344.5
15691.9;13270.1
15766.1;13195.8
15840.2;13121.4
15914.3;13046.9
15988.3;12972.4
16062.2;12897.8
16135.9;12823
16209.5;12748.1
16283;12673
16356.2;12597.7
16429.2;12522.2
16502;12446.5
16574.5;12370.5
16646.8;12294.3
16718.7;12217.8
16790.4;12140.9
16861.6;12063.8
16932.5;11986.3
17003;11908.4
17073.1;11830.2
17142.7;11751.6
17211.9;11672.5
17280.5;11593.1
17348.7;11513.2
17416.3;11432.8
17483.3;11351.9
17549.7;11270.5
17615.5;11188.7
17680.6;11106.3
17745.1;11023.3
17808.8;10939.8
17871.7;10855.8
17933.9;10771.1
17995.3;10685.9
18055.9;10600.1
18115.5;10513.7
18174.3;10426.6
18232.1;10338.9
18288.9;10250.6
18344.8;10161.7
18399.6;10072.1
18452.9;9982.16
18504.9;9891.45
18555.5;9799.93
18604.5;9707.63
18652.1;9614.54
18698.1;9520.68
18742.6;9426.06
18785.4;9330.7
18826.6;9234.61
18866.1;9137.81
18903.8;9040.32
18939.8;8942.15
18973.9;8843.34
19006.2;8743.91
19036.6;8643.89
19065;8543.3
19091.5;8442.17
19116;8340.54
19138.5;8238.44
19158.9;8135.91
19177.2;8032.99
19193.4;7929.71
19207.5;7826.12
19219.3;7722.26
19229;7618.17
19236.5;7513.9
19241.8;7409.49
19244.9;7305
19245.7;7200.46
19244.2;7095.93
19240.6;6991.46
19234.6;6887.09
19226.5;6782.87
19216.1;6678.84
19203.5;6575.07
19188.6;6471.59
19171.6;6368.44
19152.4;6265.68
19131.1;6163.34
19107.6;6061.47
19082;5960.1
19054.4;5859.28
19024.7;5759.04
18993;5659.42
18959.4;5560.45
18923.8;5462.15
18886.3;5364.56
18847.1;5267.67
18806.4;5171.42
18764.1;5075.84
18720.3;4980.94
18675;4886.74
18628.2;4793.28
18579.9;4700.58
18530.2;4608.65
18479;4517.53
18426.4;4427.23
18372.3;4337.77
18316.9;4249.18
18260;4161.49
18201.7;4074.72
18142.1;3988.88
18081.1;3904.02
18018.7;3820.14
17955;3737.29
17890;3655.48
17823.6;3574.74
17755.9;3495.11
17686.9;3416.6
17616.6;3339.25
17545;3263.1
17472.2;3188.16
17398;3114.48
17322.6;3042.1
17246;2971.03
17168.1;2901.33
17089;2833.03
17008.7;2766.16
16927.1;2700.78
16844.4;2636.92
16760.5;2574.63
16675.4;2513.95
16589.1;2454.94
16501.7;2397.64
16413.1;2342.1
16323.5;2288.38
16232.7;2236.53
16140.9;2186.61
16048;2138.68
15954.1;2092.81
15859.2;2049.04
15763.3;2007.46
15666.5;1968.13
15568.7;1931.1
15470.1;1896.47
15370.7;1864.28
15270.5;1834.62
15169.5;1807.56
15067.9;1783.16
15065.3;1782.46
14967.3;1747.57
14868.6;1714.93
14769.1;1684.51
14669;1656.29
14568.3;1630.23
14467.1;1606.29
14365.4;1584.44
14263.3;1564.62
14160.8;1546.81
14058;1530.96
13954.9;1517.02
13851.6;1504.96
13748.1;1494.73
13644.5;1486.29
13540.7;1479.59
13436.8;1474.6
13332.8;1471.27
13228.8;1469.57
13124.8;1469.45
13020.8;1470.89
12916.8;1473.84
12812.9;1478.27
12709.1;1484.14
12605.3;1491.43
12501.7;1500.11
12398.1;1510.14
12294.8;1521.5
12191.5;1534.17
12088.4;1548.11
11985.5;1563.31
11882.8;1579.76
11780.3;1597.42
11678.1;1616.3
11576;1636.36
11475;1657.46
11374.2;1679.75
11273.7;1703.2
11173.5;1727.82
11073.5;1753.59
10973.9;1780.52
10874.6;1808.61
10775.6;1837.85
10677;1868.27
10578.8;1899.86
10480.9;1932.65
10383.5;1966.64
10286.4;2001.87
10189.9;2038.37
10093.9;2076.16
9998.37;2115.28
9903.45;2155.79
9809.15;2197.72
9715.53;2241.16
9622.65;2286.16
9530.6;2332.82
9439.45;2381.23
9349.33;2431.51
9260.35;2483.8
9172.68;2538.26
9086.53;2595.07
9002.15;2654.48
8919.86;2716.76
8835.04;2779.13
8751.1;2842.67
8668.05;2907.38
8585.94;2973.27
8504.79;3040.34
8424.64;3108.61
8345.54;3178.08
8267.51;3248.76
8190.61;3320.65
8114.87;3393.78
8040.34;3468.14
7967.08;3543.75
7895.13;3620.61
7824.55;3698.72
7755.39;3778.1
7687.72;3858.74
7621.58;3940.66
7557.05;4023.84
7494.18;4108.28
7433.04;4193.99
7373.7;4280.95
7316.23;4369.16
7260.69;4458.59
7207.15;4549.24
7155.68;4641.08
7106.36;4734.09
7059.24;4828.23
7014.39;4923.48
6971.89;5019.8
6931.79;5117.14
6894.15;5215.46
6859.02;5314.7
6826.46;5414.82
6796.52;5515.75
6769.22;5617.42
6744.62;5719.79
6722.73;5822.76
6703.57;5926.28
6687.17;6030.27
6673.53;6134.66
6662.62;6238.26
6654.14;6342.09
6648.09;6446.09
6644.44;6550.19
6643.18;6654.36
6644.27;6758.52
6647.69;6862.64
6653.39;6966.66
6661.34;7070.53
6671.49;7174.2
6683.79;7277.65
6698.19;7380.82
6714.65;7483.68
6733.1;7586.21
6753.5;7688.36
6775.78;7790.13
6799.9;7891.47
6825.79;7992.37
6853.4;8092.82
6882.68;8192.79
6913.57;8292.28
6946.02;8391.27
6979.98;8489.75
7015.38;8587.73
7052.19;8685.18
7090.36;8782.11
7129.83;8878.52
7170.57;8974.39
7212.52;9069.75
7255.64;9164.58
7299.9;9258.88
7345.25;9352.67
7391.65;9445.94
7439.07;9538.69
7487.47;9630.94
7536.82;9722.68
7587.08;9813.93
7638.22;9904.68
7690.22;9994.95
7743.04;10084.7
7796.65;10174.1
7851.03;10262.9
7906.15;10351.3
7961.99;10439.3
8018.52;10526.8
8075.73;10613.8
8133.58;10700.5
8192.06;10786.7
8251.15;10872.5
8311.86;10959.1
8373.34;11045.2
8435.56;11130.7
8498.46;11215.7
8562.01;11300.3
8626.14;11384.4
8690.83;11468.1
8756.03;11551.4
8821.7;11634.3
8887.8;11716.9
8954.28;11799.2
9021.12;11881.1
9088.26;11962.9
9155.68;12044.4
9223.32;12125.7
9291.17;12206.9
9359.17;12287.9
9427.29;12368.8
9495.49;12449.6
9563.73;12530.5
9630.21;12609.2
9696.65;12687.9
9763.01;12766.7
9829.27;12845.6
9895.38;12924.6
9961.32;13003.8
10027;13083.1
10092.5;13162.7
10157.7;13242.5
10223.2;13323
10288.8;13403.5
10354.4;13483.9
10420.2;13564.2
10486.1;13644.5
10552.1;13724.6
10618.3;13804.6
10684.7;13884.4
10751.4;13963.9
10818.3;14043.3
10885.5;14122.4
10953;14201.3
11020.9;14279.9
11089.1;14358.1
11157.7;14436
11226.7;14513.6
11296.1;14590.8
11365.9;14667.6
11436.3;14744
11507.1;14819.9
11578.4;14895.4
11650.2;14970.3
11722.6;15044.7
11795.5;15118.6
11869;15191.9
11943.2;15264.6
12017.9;15336.6
12093.3;15408
12169.3;15478.7
12246;15548.7
12323.4;15617.9
12401.5;15686.3
12475.2;15759.8
12536.9;15843.5
12584.4;15936.1
12616.6;16035
12634.3;16137.6
12639.2;16241.6
12633.4;16345.5
12619.2;16448.7
12598.2;16550.7
12572;16651.5
12541.7;16751.1
12508.3;16849.8
12484.4;16938.2
12476.7;17029.4
12490.1;17119.9
12577.3;17102.9
12665.8;17096.3
12754.7;17096.4
12843.4;17100.9
12932;17107.8
12957.4;17109.9
13031;17101.8
13105;17098.9
13105;17098.9
12503.7;17157.6
12542.4;17223.2
12595.7;17277.7
12659.4;17319.8
12672.5;17325.4
12760.3;17287.7
12854.1;17268.6
12949.7;17265.8
12953.8;17266.5
13039;17283
13125.7;17287.6
13211.9;17278.5
13294.6;17252.5
13366.9;17205.1
13272.4;17160.8
13169.6;17141.7
13064.9;17139.8
12960.7;17149.8
12956.3;17149.9
12928.7;17147.7
12843.5;17141.1
12758.2;17136.5
12672.8;17136
12587.6;17141.9
12503.7;17157.6
12503.7;17157.6
12677.4;17368.5
12632.3;17407.4
12601.7;17458.5
12604;17550.8
12655;17629.5
12726;17691.5
12799;17741.4
12874.6;17787.4
12952.4;17829.6
13030.6;17794.8
13101.1;17746.6
13158;17683
13191.4;17594.9
13179.5;17501.6
13132.3;17419.6
13060.9;17402.1
12986.8;17396
12912.6;17392
12833.8;17387.7
12755.2;17381.4
12677.4;17368.5
12677.4;17368.5
12464.5;17170.2
12414.1;17194.4
12369.8;17228.6
12326.2;17291.5
12306.4;17365.7
12305.2;17442.6
12318.3;17533.1
12346.4;17620.1
12391.8;17699.4
12454.6;17765.7
12531.2;17815.4
12616.9;17847.3
12710;17862.3
12804.4;17861.5
12897.5;17846
12830.7;17808.1
12765.7;17767.4
12702.5;17723.9
12638.5;17670.2
12586.2;17605.3
12556.7;17527.6
12564;17445.2
12592.4;17393.5
12634.1;17351.6
12564.5;17304.1
12506.4;17243.2
12464.5;17170.2
12464.5;17170.2
13000.2;17853.1
13079.8;17888.6
13161;17920.4
13243.4;17948.8
13271.6;17941.1
13334.3;17862.1
13388.4;17777
13432.6;17686.4
13464.9;17591
13482.3;17491.7
13479.3;17391.1
13448.3;17295.7
13398.4;17230.4
13320;17284.5
13229.8;17315.4
13135;17327.1
13039.5;17323.3
12945.6;17305.7
12873.9;17306.8
12803;17317.3
12734.6;17338.6
12824.5;17347
12914.6;17352
13000.1;17356.7
13085.4;17364.9
13163.8;17394.9
13207.8;17465.9
13231;17545.9
13225.6;17628.9
13191.5;17705
13138.2;17766.7
13072.9;17815.7
13000.2;17853.1
13000.2;17853.1
3492.87;18569.3
3477.83;18562.5
3479.67;18534.3
3558.3;18466.7
3638.31;18400.7
3719.71;18336.4
3802.48;18273.9
3886.62;18213.3
3972.12;18154.6
4058.97;18097.9
4147.12;18043.3
4236.56;17990.8
4327.22;17940.5
4419.09;17892.4
4512.08;17846.5
4606.16;17802.8
4701.26;17761.5
4797.32;17722.4
4894.27;17685.6
4990.58;17651.5
5087.65;17619.7
5185.42;17590.1
5283.83;17562.7
5382.83;17537.5
5482.35;17514.5
5582.36;17493.6
5682.77;17474.9
5783.56;17458.2
5884.65;17443.6
5986.01;17430.9
6087.59;17420.1
6189.35;17411.1
6291.25;17403.9
6393.26;17398.5
6497.1;17394.6
6600.98;17392.4
6704.89;17391.8
6808.8;17392.8
6912.68;17395.2
7016.52;17399
7120.3;17404.1
7224.01;17410.5
7327.65;17418
7431.19;17426.8
7534.64;17436.5
7637.99;17447.3
7741.23;17459.1
7844.37;17471.7
7947.4;17485.2
8050.33;17499.5
8153.16;17514.4
8255.88;17530.1
8358.51;17546.3
8461.05;17563.1
8563.51;17580.5
8665.89;17598.2
8768.19;17616.4
8870.44;17635
8972.62;17653.8
9074.76;17672.9
9176.86;17692.2
9278.93;17711.7
9380.99;17731.3
9483.03;17750.9
9584.65;17770.4
9686.28;17789.9
9787.93;17809.3
9889.61;17828.5
9991.33;17847.5
10093.1;17866.3
10194.9;17884.8
10296.8;17902.9
10398.8;17920.6
10500.8;17937.8
10602.9;17954.5
10705.2;17970.5
10807.5;17985.9
10909.9;18000.6
11012.5;18014.4
11115.1;18027.4
11217.9;18039.4
11320.8;18050.3
11423.8;18060.2
11527;18068.8
11630.2;18076.2
11733.5;18082.2
11836.9;18086.7
11940.3;18089.6
12043.8;18090.9
12147.3;18090.5
12250.7;18088.1
12354.1;18083.8
12457.4;18077.5
12560.5;18069
12663.4;18058.2
12766.1;18045
12868.4;18029.4
12970.2;18011.3
13071.6;17990.5
13172.4;17967.1
13096.4;17938.5
13021.7;17907
12948.3;17872.3
12864.4;17893.1
12778.5;17902.8
12692.1;17900.8
12606.9;17886
12513.4;17851.3
12429.5;17797.5
12360.6;17725.4
12310.6;17639.1
12279.7;17544.3
12265.3;17445.5
12267.4;17357.2
12291.2;17272.3
12341.6;17200.2
12392.8;17160.6
12451.2;17132.6
12436.2;17033.4
12444.5;16933.4
12470.6;16836.5
12502.8;16741.5
12532.4;16645.7
12558.3;16548.8
12579.3;16450.8
12594.1;16351.7
12600.9;16251.7
12597.4;16151.5
12581.4;16052.6
12551;15957.1
12505.6;15867.9
12446.3;15787.2
12375.3;15716.5
12297;15647.9
12219.5;15578.6
12142.6;15508.5
12066.4;15437.6
11990.9;15366.1
11916;15293.9
11841.7;15221.1
11768;15147.7
11694.9;15073.6
11622.4;14999.1
11550.4;14924
11479;14848.4
11408;14772.3
11337.5;14695.8
11267.5;14618.8
11197.9;14541.5
11128.8;14463.8
11060.1;14385.7
10991.7;14307.3
10923.7;14228.5
10856;14149.5
10788.7;14070.2
10721.6;13990.7
10654.8;13911
10588.3;13831
10521.9;13750.9
10455.7;13670.6
10389.7;13590.2
10323.9;13509.7
10258.1;13429.1
10192.4;13348.4
10126.7;13267.8
10061.6;13188
9996.15;13108.5
9930.47;13029.3
9864.58;12950.2
9798.52;12871.2
9732.31;12792.4
9665.99;12713.6
9599.6;12634.9
9533.17;12556.3
9468.06;12479.2
9402.99;12402
9337.98;12324.8
9273.08;12247.5
9208.32;12170.2
9143.72;12092.6
9079.33;12014.9
9015.17;11937
8951.28;11858.9
8887.7;11780.5
8824.45;11701.9
8761.57;11622.9
8699.1;11543.7
8637.07;11464.1
8575.51;11384.1
8514.47;11303.7
8453.98;11223
8394.07;11141.8
8334.8;11060.1
8276.19;10977.9
8218.29;10895.3
8158.87;10809
8100.06;10722.3
8041.88;10635.1
7984.36;10547.6
7927.52;10459.6
7871.37;10371.1
7815.95;10282.2
7761.28;10192.9
7707.38;10103
7654.29;10012.7
7602.02;9921.91
7550.61;9830.62
7500.09;9738.84
7450.5;9646.56
7401.85;9553.77
7354.2;9460.47
7307.57;9366.65
7262.01;9272.32
7217.55;9177.46
7174.22;9082.07
7132.08;8986.15
7091.17;8889.71
7051.53;8792.73
7013.21;8695.23
6976.25;8597.2
6940.7;8498.65
6906.62;8399.58
6874.05;8300.01
6843.06;8199.93
6813.68;8099.37
6785.98;7998.34
6760.01;7896.84
6735.83;7794.91
6713.49;7692.55
6693.05;7589.8
6674.57;7486.68
6658.09;7383.22
6643.67;7279.45
6631.37;7175.41
6621.22;7071.14
6613.29;6966.68
6607.61;6862.07
6604.22;6757.36
6603.17;6652.6
6604.47;6547.85
6608.17;6443.15
6614.28;6338.56
6622.82;6234.15
6633.8;6129.96
6647.17;6027.33
6663.19;5925.08
6681.84;5823.28
6703.1;5721.99
6726.97;5621.29
6753.41;5521.22
6782.4;5421.87
6813.9;5323.28
6847.86;5225.52
6884.24;5128.63
6922.99;5032.66
6964.06;4937.66
7007.39;4843.67
7052.92;4750.72
7100.59;4658.86
7150.34;4568.1
7202.1;4478.47
7255.8;4390
7311.4;4302.7
7368.81;4216.59
7427.98;4131.67
7488.84;4047.96
7551.34;3965.46
7615.41;3884.18
7681;3804.12
7748.04;3725.27
7816.48;3647.63
7886.28;3571.21
7957.37;3495.99
8029.71;3421.97
8103.25;3349.15
8177.95;3277.51
8253.76;3207.05
8330.64;3137.76
8408.56;3069.63
8487.46;3002.65
8567.33;2936.83
8648.12;2872.14
8729.81;2808.59
8812.37;2746.17
8895.76;2684.86
8978.55;2622.19
9063.44;2562.4
9150.11;2505.21
9238.3;2450.39
9327.81;2397.76
9418.48;2347.14
9510.17;2298.4
9602.78;2251.42
9696.21;2206.1
9790.39;2162.37
9885.25;2120.14
9980.75;2079.35
10076.8;2039.95
10173.4;2001.9
10270.6;1965.15
10368.2;1929.67
10466.2;1895.43
10564.6;1862.42
10663.5;1830.6
10762.7;1799.98
10862.3;1770.53
10962.2;1742.25
11062.4;1715.14
11163;1689.19
11263.8;1664.42
11365;1640.81
11466.4;1618.39
11568;1597.16
11670.9;1576.92
11774.1;1557.9
11877.5;1540.11
11981.1;1523.58
12084.9;1508.32
12188.9;1494.37
12293;1481.73
12397.3;1470.43
12501.8;1460.49
12606.4;1451.94
12711;1444.8
12815.8;1439.1
12920.6;1434.86
13025.5;1432.11
13130.4;1430.87
13235.3;1431.18
13340.2;1433.06
13444.5;1436.54
13548.6;1441.66
13652.7;1448.45
13756.7;1456.97
13860.5;1467.25
13964.1;1479.34
14067.5;1493.28
14170.6;1509.11
14273.4;1526.89
14375.8;1546.65
14477.8;1568.44
14579.3;1592.32
14680.3;1618.31
14780.8;1646.48
14880.6;1676.87
14979.6;1709.51
15077.9;1744.46
15180.2;1768.99
15281.8;1796.13
15382.7;1825.82
15482.8;1858.01
15582.1;1892.62
15680.5;1929.62
15778.1;1968.93
15874.7;2010.5
15970.3;2054.27
16064.9;2100.17
16158.5;2148.16
16251;2198.17
16342.4;2250.14
16432.7;2304.04
16521.9;2359.79
16609.9;2417.34
16696.7;2476.66
16782.4;2537.68
16866.8;2600.35
16950.1;2664.63
17032.1;2730.48
17112.8;2797.84
17192.4;2866.67
17270.6;2936.93
17347.6;3008.57
17423.3;3081.56
17497.9;3155.98
17571.2;3231.63
17643.3;3308.49
17714;3386.54
17783.5;3465.73
17851.7;3546.05
17918.6;3627.47
17984.1;3709.95
18048.3;3793.48
18111.2;3878.02
18172.7;3963.56
18232.8;4050.06
18291.6;4137.51
18348.9;4225.88
18404.9;4315.14
18459.4;4405.28
18512.5;4496.27
18564.2;4588.09
18614.4;4680.72
18663.1;4774.13
18710.3;4868.31
18756;4963.22
18800.2;5058.86
18842.9;5155.19
18884;5252.2
18923.5;5349.86
18960.5;5446.11
18995.6;5543.05
19028.9;5640.65
19060.2;5738.89
19089.5;5837.73
19116.9;5937.14
19142.3;6037.08
19165.6;6137.51
19186.9;6238.4
19206.1;6339.71
19223.2;6441.39
19238.1;6543.41
19250.9;6645.72
19261.6;6748.27
19270.2;6851.03
19276.6;6953.94
19280.8;7056.96
19282.9;7160.05
19282.8;7263.15
19280.5;7366.24
19276.2;7469.26
19269.7;7572.16
19261.1;7674.91
19250.4;7777.46
19237.7;7879.76
19222.9;7981.78
19206;8083.49
19187.2;8184.84
19166.4;8285.81
19143.6;8386.35
19118.9;8486.43
19092.3;8586.03
19063.8;8685.1
19033.5;8783.63
19001.4;8881.58
18967.4;8978.92
18931.8;9075.64
18894.4;9171.71
18855.3;9267.11
18814.6;9361.81
18772.3;9455.81
18728.4;9549.09
18682.9;9641.62
18636;9733.4
18587.6;9824.42
18537.7;9914.66
18486.5;10004.1
18433.9;10092.8
18379;10182.6
18323;10271.7
18266;10360.2
18208.1;10448.1
18149.2;10535.3
18089.4;10622
18028.7;10708
17967.2;10793.4
17904.9;10878.3
17841.8;10962.5
17777.9;11046.2
17713.4;11129.3
17648.1;11211.9
17582.2;11294
17515.6;11375.6
17448.5;11456.6
17380.7;11537.2
17312.5;11617.3
17243.7;11697
17174.3;11776.2
17104.6;11855
17034.3;11933.4
16963.7;12011.5
16892.6;12089.1
16821.2;12166.5
16749.5;12243.5
16677.4;12320.2
16605;12396.6
16532.3;12472.7
16459.3;12548.6
16386.1;12624.3
16312.7;12699.7
16239.1;12775
16165.4;12850.1
16091.5;12925
16017.4;12999.8
15943.3;13074.6
15869;13149.2
15794.7;13223.7
15720.4;13298.3
15646;13372.8
15577.3;13441.6
15508.6;13510.4
15439.9;13579.2
15371.3;13648.2
15302.8;13717.1
15234.4;13786.2
15166;13855.4
15097.8;13924.7
15044.8;13978.5
14991.7;14032.4
14938.6;14086.2
14867.6;14158.2
14796.6;14230.3
14725.7;14302.5
14655;14374.8
14584.6;14447.4
14514.5;14520.3
14444.7;14593.6
14375.3;14667.2
14306.4;14741.3
14238.1;14815.9
14170.3;14891
14103.3;14966.7
14037;15043.1
13971.5;15120.3
13910.3;15194.2
13850.1;15269.1
13791.1;15344.8
13733.3;15421.5
13676.7;15499.1
13621.4;15577.7
13567.5;15657.1
13514.9;15737.5
13508.8;15747
13450.3;15835.2
13387.2;15920.1
13314.8;15997
13219.8;16034.4
13171.5;15988.2
13155.8;15920.8
13149.6;15820
13152.5;15719.1
13163.6;15618.8
13181.9;15519.4
13206.2;15421.5
13235.9;15325
13270.2;15230
13308.5;15136.5
13350.2;15044.6
13394.9;14954
13442.2;14864.8
13491.9;14776.9
13543.5;14690.1
13596.9;14604.4
13651.9;14519.7
13708.3;14436
13765.9;14353
13824.6;14270.8
13884.2;14189.3
13944.6;14108.4
14005.7;14028.5
14068.1;13949.5
14131.6;13871.5
14196;13794.2
14261.3;13717.7
14327.4;13641.9
14394.2;13566.6
14461.5;13491.9
14529.3;13417.6
14597.5;13343.6
14666;13269.9
14734.6;13196.4
14803.4;13123
14871.4;13050.3
14939.4;12977.6
15007.1;12904.7
15074.6;12831.5
15141.7;12758
15208.4;12684.1
15274.5;12609.7
15340;12534.8
15404.7;12459.1
15468.5;12382.8
15535;12301.6
15600.9;12219.8
15666.3;12137.7
15730.9;12055
15795;11971.8
15858.4;11888.2
15921.2;11804
15983.4;11719.4
16044.9;11634.3
16105.7;11548.8
16165.9;11462.7
16225.3;11376.2
16284.1;11289.2
16342.2;11201.8
16399.5;11113.8
16456.1;11025.4
16511.9;10936.5
16567;10847.1
16621.3;10757.3
16674.7;10666.9
16727.4;10576.1
16779.2;10484.8
16830.2;10393
16880.3;10300.8
16929.4;10208
16977.7;10114.8
17025;10021.1
17071.3;9926.88
17116.7;9832.2
17161;9737.04
17204.3;9641.4
17246.6;9545.29
17287.7;9448.7
17327.7;9351.64
17366.5;9254.12
17404.2;9156.13
17440.7;9057.68
17475.9;8958.78
17509.8;8859.44
17542.4;8759.65
17573.7;8659.44
17603.6;8558.8
17632.1;8457.76
17659.1;8356.32
17684.6;8254.49
17708.6;8152.3
17731.1;8049.75
17752;7946.86
17771.2;7843.65
17788.7;7740.15
17804.5;7636.37
17818.6;7532.34
17830.9;7428.09
17841.4;7323.63
17850;7219
17856.7;7114.24
17861.5;7009.37
17864.4;6904.43
17865.2;6799.45
17864;6694.48
17860.8;6589.55
17855.5;6484.71
17848.2;6379.99
17838.7;6275.43
17827.1;6171.1
17813.4;6067.02
17797.5;5963.25
17779.4;5859.84
17759.2;5756.82
17736.9;5654.25
17712.4;5552.16
17685.7;5449.86
17657;5348.07
17626.4;5246.85
17594;5146.22
17559.6;5046.23
17523.3;4946.91
17485.1;4848.29
17445.1;4750.42
17403.2;4653.33
17359.5;4557.05
17313.9;4461.63
17266.5;4367.1
17217.3;4273.49
17166.4;4180.85
17113.6;4089.2
17059.1;3998.58
17002.9;3909.04
16944.9;3820.61
16885.2;3733.32
16823.8;3647.22
16760.8;3562.34
16696.1;3478.72
16629.7;3396.4
16561.7;3315.41
16492.1;3235.81
16420.9;3157.62
16348.2;3080.89
16273.9;3005.66
16198;2931.97
16120.7;2859.87
16041.8;2789.4
15961.5;2720.6
15879.8;2653.52
15796.6;2588.2
15712.1;2524.69
15626.2;2463.03
15539;2403.28
15450.4;2345.48
15360.6;2289.68
15269.5;2235.92
15177.3;2184.27
15083.8;2134.76
14989.3;2087.45
14893.6;2042.39
14796.9;1999.63
14699.2;1959.21
14600.5;1921.18
14500.9;1885.6
14400.5;1852.51
14299.3;1821.95
14197.3;1793.98
14094.7;1768.62
13991.4;1745.92
13887.6;1725.93
13783.2;1708.67
13678.5;1694.17
13573.4;1682.46
13659.6;1741.38
13745.2;1801.17
13830.2;1861.86
13914.5;1923.45
13998.2;1985.96
14081.1;2049.4
14163.3;2113.78
14244.8;2179.12
14325.5;2245.42
14405.3;2312.7
14484.4;2380.96
14562.5;2450.23
14639.7;2520.5
14716;2591.8
14791.4;2664.14
14865.7;2737.51
14938.9;2811.94
15011;2887.44
15082;2964
15151.9;3041.65
15220.5;3120.38
15287.8;3200.21
15353.8;3281.14
15418.4;3363.16
15480.8;3445.28
15541.8;3528.47
15601.3;3612.73
15659.3;3698.07
15715.7;3784.46
15770.4;3871.9
15823.4;3960.38
15874.7;4049.88
15924.2;4140.38
15971.9;4231.85
16017.7;4324.29
16061.6;4417.66
16103.5;4511.93
16143.3;4607.07
16181.1;4703.05
16216.8;4799.84
16250.4;4897.38
16281.7;4995.65
16310.9;5094.6
16337.8;5194.18
16362.5;5294.35
16384.8;5395.05
16404.9;5496.24
16422.6;5597.86
16438;5699.86
16451.5;5804.58
16462.8;5909.55
16472;6014.73
16479;6120.07
16484;6225.53
16486.9;6331.07
16487.7;6436.64
16486.6;6542.22
16483.5;6647.75
16478.5;6753.21
16471.6;6858.57
16463;6963.79
16452.5;7068.85
16440.4;7173.73
16426.6;7278.4
16411.2;7382.85
16394.2;7487.06
16375.8;7591.02
16355.9;7694.7
16334.6;7798.11
16311.9;7901.23
16288;8004.06
16262.8;8106.63
16236.4;8208.88
16208.8;8310.83
16180.1;8412.46
16150.3;8513.78
16119.5;8614.78
16087.6;8715.47
16054.8;8815.85
16021.1;8915.93
15986.4;9015.7
15950.9;9115.17
15914.7;9214.36
15877.6;9313.26
15839.9;9411.89
15801.4;9510.25
15762.3;9608.36
15722.6;9706.22
15682.3;9803.83
15641.4;9901.22
15600.1;9998.38
15558.2;10095.3
15515.8;10192.1
15474.2;10285.5
15432;10378.7
15389.2;10471.6
15345.9;10564.3
15302;10656.7
15257.6;10748.9
15212.7;10840.8
15167.5;10932.5
15121.7;11024.1
15075.7;11115.4
15029.2;11206.5
14982.4;11297.5
14935.4;11388.4
14888;11479
14840.4;11569.6
14792.6;11660
14744.5;11750.3
14696.3;11840.6
14647.9;11930.7
14599.4;12020.8
14550.8;12110.8
14502.2;12200.8
14453.4;12290.7
14404.7;12380.7
14356.8;12469
14308.9;12557.4
14261;12645.9
14213.3;12734.3
14165.6;12822.8
14118;12911.4
14070.6;13000.1
14023.4;13088.8
13976.3;13177.7
13928;13269.1
13879.9;13360.6
13831.9;13452.3
13784.3;13544
13737;13636
13690.3;13728.2
13644.1;13820.7
13598.5;13913.6
13553.7;14006.8
13509.7;14100.3
13466.6;14194.3
13424.5;14288.8
13383.4;14383.7
13343.5;14479.1
13304.8;14575
13267.5;14671.4
13231.5;14768.4
13197;14865.8
13164.1;14963.9
13132.8;15062.4
13103.2;15161.5
13075.4;15261.1
13049.5;15361.2
13025.6;15461.8
13003.7;15562.9
12983.9;15664.4
12966.3;15766.3
12965.2;15772.6
12953.9;15841
12945.9;15909.8
12944.3;15929.2
12926.4;15938.1
12911.3;15930.1
12906.9;15921.2
12867.1;15827.3
12836.7;15729.9
12814.5;15630.4
12799.5;15529.5
12790.6;15427.9
12786.9;15325.9
12787.7;15223.9
12792.5;15122
12800.6;15020.3
12811.6;14918.9
12825.3;14817.8
12841.2;14717
12859.2;14616.6
12879;14516.5
12900.3;14416.7
12923.1;14317.3
12947.1;14218.1
12972.1;14119.2
12998.1;14020.5
13024.9;13922.1
13052.2;13823.8
13080;13725.7
13108.1;13627.6
13131.2;13546.8
13154.1;13465.9
13176.6;13385
13203.9;13286.2
13232;13187.6
13260.6;13089.3
13289.9;12991.1
13319.7;12893
13350.1;12795.2
13381;12697.4
13412.3;12599.9
13444.1;12502.5
13476.3;12405.2
13508.9;12308
13541.8;12211
13575;12114
13608.4;12017.2
13642.1;11920.4
13676;11823.7
13710.1;11727.1
13744.3;11630.5
13778.7;11533.9
13813.1;11437.4
13847.5;11340.9
13882.8;11241.8
13918.1;11142.8
13953.3;11043.7
13988.4;10944.6
14023.4;10845.5
14058.2;10746.3
14092.8;10647
14127.1;10547.6
14161.1;10448.1
14194.8;10348.5
14228.1;10248.8
14261;10148.9
14293.4;10048.9
14325.4;9948.75
14356.8;9848.41
14387.7;9747.9
14417.9;9647.19
14447.5;9546.3
14476.3;9445.2
14504.4;9343.89
14531.8;9242.37
14558.3;9140.62
14583.9;9038.66
14608.6;8936.47
14632.4;8834.05
14655.2;8731.41
14676.9;8628.54
14697.6;8525.45
14717.1;8422.15
14735.5;8318.63
14752.7;8214.91
14768.7;8111
14783.5;8006.9
14796.9;7902.62
14809;7798.18
14819.8;7693.6
14829.2;7588.89
14837.2;7484.05
14843.8;7379.12
14849;7274.11
14852.7;7169.04
14854.9;7063.92
14855.7;6958.79
14854.9;6853.65
14852.7;6748.54
14848.9;6643.46
14843.8;6539.2
14837.4;6435.01
14829.8;6330.9
14820.9;6226.9
14810.7;6123.01
14799.3;6019.25
14786.7;5915.63
14772.8;5812.18
14757.6;5708.9
14741.2;5605.81
14723.5;5502.92
14704.7;5400.26
14684.5;5297.83
14663.2;5195.65
14640.6;5093.74
14616.8;4992.1
14591.7;4890.76
14565.5;4789.74
14538;4689.03
14509.3;4588.67
14479.4;4488.66
14448.2;4389.03
14415.9;4289.77
14382.4;4190.93
14347.6;4092.49
14311.7;3994.49
14274.5;3896.94
14236.2;3799.85
14196.6;3703.24
14155.9;3607.12
14114;3511.51
14070.9;3416.43
14026.7;3321.9
13981.2;3227.92
13934.6;3134.52
13886.8;3041.71
13837.9;2949.51
13787.8;2857.93
13736.5;2767
13684.1;2676.72
13630.6;2587.13
13575.9;2498.22
13520;2410.03
13463;2322.57
13404.9;2235.86
13345.7;2149.91
13285.3;2064.74
13223.8;1980.37
13161.3;1896.83
13097.6;1814.12
13032.8;1732.26
12979.8;1820.77
12935.4;1913.89
12899.6;2010.64
12872.2;2110.08
12852.6;2211.38
12840.4;2313.82
12835;2416.86
12835.9;2520.03
12842.5;2623
12854.4;2725.49
12871.2;2827.28
12892.9;2928.16
12919.5;3030.38
12949.6;3131.59
12982.8;3231.86
13018.5;3331.28
13056.1;3429.97
13095.1;3528.1
13135.2;3625.83
13175.7;3723.36
13209.1;3803.75
13242.3;3884.25
13274.9;3964.96
13306.8;4046
13337.5;4127.46
13371.9;4223.7
13404.6;4320.57
13435.4;4418.04
13464.3;4516.07
13491.5;4614.61
13516.9;4713.63
13540.4;4813.09
13562.3;4912.95
13582.4;5013.17
13600.8;5113.72
13617.5;5214.55
13632.6;5315.65
13646.1;5416.97
13658;5518.49
13668.4;5620.18
13677.3;5722
13684.8;5823.95
13690.9;5925.99
13695.6;6028.09
13699;6130.25
13701.1;6232.45
13702;6334.66
13701.6;6437.84
13700.1;6541
13697.3;6644.13
13693.4;6747.23
13688.4;6850.28
13682.4;6953.28
13675.3;7056.21
13667.2;7159.07
13658.2;7261.84
13648.3;7364.54
13637.4;7467.14
13625.7;7569.65
13613.3;7672.06
13600;7774.38
13585.9;7876.59
13571.2;7978.7
13555.7;8080.71
13539.5;8182.61
13522.7;8284.4
13505.3;8386.1
13487.3;8487.68
13468.7;8589.16
13449.3;8692.24
13429.4;8795.24
13409.2;8898.16
13388.6;9001.01
13367.7;9103.8
13346.5;9206.53
13325.1;9309.2
13303.4;9411.83
13281.5;9514.41
13259.5;9616.96
13237.3;9719.48
13215;9821.97
13192.6;9924.45
13170.2;10026.9
13147.7;10129.4
13125.4;10231.2
13103;10333.1
13080.8;10435
13058.6;10536.9
13036.5;10638.8
13014.6;10740.7
12992.8;10842.7
12971.2;10944.8
12949.9;11046.8
12928.7;11149
12907.9;11251.1
12887.3;11353.4
12867.1;11455.7
12847.2;11558
12827.6;11660.5
12808.5;11763
12789.8;11865.6
12771.6;11968.3
12753.9;12071
12736.6;12173.9
12720;12276.8
12703.9;12379.9
12688.3;12483
12673.5;12586.2
12659.3;12689.5
12645.7;12792.9
12633;12896.4
12620.9;13000
12609.7;13103.7
12599.2;13207.4
12589.6;13311.3
12580.9;13415.2
12573.1;13519.2
12566.2;13623.2
12560.3;13727.4
12555.5;13831.5
12551.6;13935.7
12548.9;14040
12547.2;14144.3
12546.7;14248.5
12547.3;14352.8
12549.2;14457.1
12552.3;14561.3
12556.6;14665.5
12562.3;14769.7
12569.3;14873.7
12577.6;14977.7
12587.3;15081.5
12598.4;15185.2
12611;15288.7
12625;15392
12640.5;15495.2
12630.7;15515.7
12608.1;15513.9
12531.2;15444.7
12461.1;15368.6
12397.9;15286.7
12341.2;15200.1
12290.7;15109.8
12245.9;15016.6
12206.2;14921
12171.2;14823.6
12140.4;14724.8
12113.3;14625
12089.6;14524.2
12069;14422.8
12051.1;14320.9
12035.7;14218.6
12022.5;14115.9
12011.4;14013
12002.1;13910
11994.5;13806.4
11988.6;13702.8
11984.1;13599.1
11980.9;13495.3
11979;13391.5
11978.3;13287.7
11978.7;13183.8
11980;13080
11982.3;12976.2
11985.4;12872.5
11989.3;12768.7
11993.8;12665
11999;12561.3
12004.7;12457.6
12011;12354
12017.6;12250.4
12024.5;12146.8
12031.6;12043.2
12038.9;11939.7
12046.2;11835.4
12053.4;11731.2
12060.1;11626.9
12066.2;11522.6
12071.2;11418.3
12073.5;11363.6
12075.7;11309
12079.8;11206.4
12084;11103.8
12088.2;11001.3
12092.5;10898.7
12096.8;10796.2
12101.2;10693.6
12105.7;10591.1
12110.3;10488.6
12115.1;10386
12120;10283.5
12125.1;10181
12130.4;10078.5
12135.9;9976
12141.6;9873.51
12147.6;9771.04
12153.8;9668.59
12160.3;9566.15
12167;9463.74
12174.1;9361.34
12181.5;9258.97
12189.3;9156.62
12197.4;9054.3
12205.9;8952.01
12214.8;8849.76
12224.1;8747.54
12233.9;8645.36
12237.1;8612.26
12247.2;8508.97
12257.3;8405.67
12267.2;8302.36
12277.1;8199.04
12286.8;8095.7
12296.2;7992.35
12305.4;7888.96
12314.2;7785.55
12322.7;7682.11
12330.8;7578.64
12338.4;7475.13
12345.4;7371.58
12351.9;7267.99
12357.8;7164.37
12362.9;7060.71
12367.3;6957.02
12370.9;6853.29
12373.7;6749.54
12375.6;6645.77
12376.6;6541.99
12376.5;6438.2
12375.5;6334.42
12373.4;6230.65
12370.2;6126.91
12365.8;6023.21
12360.3;5919.57
12353.6;5816
12345.6;5712.52
12336.5;5609.14
12326;5505.88
12314.3;5402.75
12301.4;5299.77
12287.1;5196.97
12271.6;5094.35
12254.7;4991.94
12236.6;4889.74
12217.2;4787.78
12196.6;4686.06
12176.2;4587.21
12156.4;4488.23
12137.5;4389.09
12119.4;4289.78
12102.4;4190.3
12086.4;4090.64
12071.6;3990.79
12058.1;3890.76
12046;3790.55
12035.4;3690.17
12026.4;3589.64
12019.2;3488.96
12013.8;3388.17
12010.5;3287.29
12009.3;3186.36
12010.5;3081.19
12014.3;2976.08
12020.8;2871.1
12030.1;2766.34
12042.4;2661.87
12057.6;2557.8
12075.9;2454.22
12097.3;2351.25
12121.9;2249
12149.8;2147.58
12180.9;2047.11
12215.3;1947.7
12252.8;1849.45
12293.5;1752.46
12197.1;1778.21
12103;1811.16
12011.7;1851.46
11924;1899.06
11840.6;1953.7
11761.8;2014.97
11688.2;2082.29
11619.9;2155
11557;2232.42
11499.4;2313.86
11446.9;2398.71
11399.3;2486.39
11356.3;2576.43
11317.6;2668.4
11282.9;2761.96
11250.3;2862.16
11221.4;2963.49
11195.9;3065.74
11173.5;3168.72
11154;3272.28
11137.2;3376.29
11122.7;3480.68
11110.5;3585.34
11100.3;3690.23
11092;3795.28
11085.5;3900.45
11080.5;4005.72
11077;4111.04
11074.7;4216.39
11073.6;4321.76
11073.5;4425.8
11074.5;4529.84
11076.6;4633.86
11079.6;4737.85
11083.5;4841.82
11088.2;4945.75
11093.7;5049.64
11099.9;5153.5
11106.7;5257.31
11114.1;5361.09
11122;5464.83
11130.3;5568.54
11139;5672.21
11148.1;5775.85
11157.4;5879.48
11166.9;5983.08
11176.5;6086.68
11186.2;6190.26
11195.9;6293.67
11205.5;6397.08
11214.9;6500.5
11224.2;6603.93
11233.2;6707.4
11241.9;6810.88
11250.3;6914.4
11258.2;7017.96
11265.5;7121.55
11272.4;7225.18
11278.6;7328.85
11284.1;7432.55
11288.8;7536.3
11292.8;7640.08
11295.8;7743.88
11297.9;7847.72
11299;7951.56
11298.8;8052.61
11297.3;8153.65
11294.5;8254.66
11290.6;8355.63
11285.6;8456.55
11279.7;8557.43
11273;8658.25
11265.5;8759.02
11257.3;8859.73
11248.6;8960.4
11239.3;9061.03
11229.7;9161.62
11219.9;9262.19
11209.8;9362.73
11199.6;9463.26
11189.1;9567.21
11178.7;9671.16
11168.5;9775.14
11158.6;9879.14
11149.1;9983.19
11140.2;10087.3
11131.9;10191.4
11124.4;10295.6
11117.7;10399.9
11112;10504.2
11107.3;10608.6
11103.8;10713
11101.5;10817.4
11100.6;10921.9
11101.2;11026.4
11103.4;11130.8
11107.3;11235.2
11112.9;11339.6
11120.5;11443.8
11129.6;11548.1
11139.8;11652.4
11151;11756.6
11163.3;11860.7
11176.6;11964.6
11191;12068.4
11206.4;12172
11222.8;12275.5
11240.2;12378.8
11258.7;12481.9
11278.2;12584.9
11298.7;12687.6
11320.2;12790.2
11342.7;12892.5
11366.3;12994.6
11390.8;13096.5
11416.3;13198.1
11442.9;13299.5
11470.4;13400.5
11498.9;13501.4
11528.4;13601.9
11558.9;13702.1
11590.4;13802.1
11622.9;13901.7
11656.3;14001
11690.8;14099.9
11726.2;14198.5
11762.6;14296.8
11800;14394.7
11838.4;14492.2
11877.7;14589.3
11918;14686
11959.3;14782.3
12001.6;14878.1
12044.9;14973.6
12099.4;15038.5
12153.6;15103.7
12216.5;15180.1
12278.9;15257.1
12340.4;15334.7
12400.8;15413.2
12459.8;15492.8
12517;15573.6
12572.3;15655.8
12625.3;15739.5
12675.6;15824.8
12707.9;15892.3
12735.1;15962.1
12770.5;16050.9
12817.4;16134
12873;16180.3
12942.2;16202.7
13014.5;16212.2
13086.2;16221.4
13155.8;16240.8
13236;16298.4
13297.5;16376.2
13346.7;16462.4
13387.1;16553.2
13420.5;16646.8
13447.6;16742
13468.2;16838.7
13480.9;16936.9
13482.6;17035.8
13463.9;17132.6
13425.2;17200.7
13483.6;17276.8
13515.4;17365.1
13524;17458.6
13514.1;17552.1
13490.3;17643.2
13455.6;17730.7
13412.1;17814.1
13360.8;17893.1
13302.3;17966.8
13397.6;17992.1
13493.8;18013.5
13590.8;18031.1
13688.4;18045.1
13786.4;18055.7
13884.7;18063.1
13983.2;18067.6
14088.4;18065
14192.8;18051.9
14295.7;18029.9
14396.9;18001.2
14496.6;17967.4
14595.1;17930.4
14693;17891.8
14784.4;17855.6
14876.4;17820.8
14969.3;17788.7
15063.6;17761.1
15159.6;17739.9
15257.1;17727.1
15355.3;17724.7
15453.1;17734.1
15554.6;17754.7
15654.4;17782.9
15752.4;17816.4
15849.2;17853.5
15945.2;17892.5
16006.3;17917.3
16067.5;17941.8
16165.5;17978.7
16264.5;18013.3
16364.2;18045.4
16464.7;18075
16565.9;18102.2
16667.8;18126.8
16770.2;18148.9
16873.1;18168.4
16976.5;18185.4
17080.3;18199.8
17184.5;18211.6
17288.8;18220.7
17393.4;18227.3
17498.1;18231.2
17602.9;18232.4
17707.7;18231
17812.4;18227
17916.9;18220.2
18021.3;18210.8
18125.4;18198.7
18229.1;18184
18332.5;18166.6
18435.3;18146.4
18537.6;18123.7
18639.2;18098.2
18740.1;18070.1
18840.3;18039.3
18939.6;18005.8
19038;17969.7
19135.3;17931
19231.6;17889.6
19326.7;17845.6
19420.6;17799
19513.1;17749.9
19604.2;17698.2
19693.9;17644
19782;17587.3
19868.5;17528.1
19953.2;17466.5
20036.2;17402.4
20117.3;17336.1
20196.4;17267.4
20273.6;17196.5
20348.6;17123.4
20421.5;17048.1
20492.2;16970.8
20520.4;16969.1
20522.1;16997.4
20450.7;17075.5
20377.2;17151.5
20301.4;17225.3
20223.6;17297
20143.7;17366.3
20061.8;17433.3
19978;17497.9
19892.4;17560.1
19805.1;17619.8
19716.1;17677
19625.5;17731.6
19533.4;17783.6
19439.8;17833
19344.9;17879.8
19248.8;17924
19151.5;17965.4
19053;18004.3
18953.6;18040.4
18853.3;18073.9
18752.1;18104.7
18650.1;18132.8
18547.4;18158.3
18444.1;18181.2
18345.1;18200.5
18245.6;18217.4
18145.7;18231.9
18045.6;18244
17945.1;18253.6
17844.5;18260.9
17743.7;18265.7
17642.8;18268
17541.9;18268
17441;18265.6
17340.2;18260.8
17239.6;18253.6
17138.2;18243.9
17037.1;18231.8
16936.3;18217.3
16835.8;18200.4
16735.8;18181.1
16636.3;18159.3
16537.4;18135.2
16439;18108.7
16341.4;18079.8
16244.4;18048.5
16148.3;18014.9
16053;17979
15991.4;17954.4
15930;17929.5
15835.7;17891.2
15740.6;17854.7
15644.3;17821.7
15546.4;17794
15446.7;17773.6
15351.6;17764.7
15256.1;17767.4
15161.4;17780.4
15068.1;17801.4
14976.4;17828.5
14886.1;17859.8
14796.7;17893.7
14707.8;17928.9
14620.3;17963.5
14532.3;17997
14443.5;18028.1
14353.5;18055.9
14262.2;18078.9
14169.7;18096
14076.1;18106
13982;18107.6
13888.2;18103.4
13794.6;18096.6
13701.2;18086.9
13608.1;18074.3
13515.6;18058.5
13423.7;18039.4
13332.5;18016.8
13242.4;17990.5
13139.9;18016.1
13036.7;18038.9
12932.9;18058.9
12828.6;18076.3
12724;18091.1
12619;18103.4
12513.8;18113.3
12408.4;18120.9
12302.8;18126.3
12197.2;18129.6
12091.5;18131
11985.8;18130.5
11880.1;18128.2
11774.5;18124.2
11669;18118.7
11563.5;18111.7
11458.1;18103.4
11352.9;18093.7
11247.7;18082.9
11142.7;18071
11037.8;18058
10933;18044.2
10828.4;18029.4
10723.8;18013.9
10619.4;17997.6
10515.1;17980.7
10410.8;17963.3
10306.7;17945.3
10202.6;17926.8
10098.6;17908
9994.65;17888.9
9890.76;17869.4
9786.9;17849.8
9683.08;17830
9579.27;17810.1
9475.48;17790.2
9372.81;17770.4
9270.14;17750.7
9167.45;17731.2
9064.72;17711.7
8961.96;17692.5
8859.15;17673.6
8756.29;17654.9
8653.36;17636.6
8550.35;17618.7
8447.27;17601.3
8344.1;17584.4
8240.84;17568.1
8137.49;17552.4
8034.03;17537.3
7930.46;17523
7826.79;17509.6
7723.01;17496.9
7619.13;17485.2
7515.14;17474.5
7411.04;17464.8
7306.85;17456.2
7202.57;17448.8
7098.21;17442.6
6993.78;17437.7
6889.3;17434.2
6784.78;17432.1
6680.24;17431.5
6575.7;17432.5
6471.19;17435.1
6366.74;17439.4
6262.37;17445.5
6158.13;17453.5
6054.06;17463.3
5950.19;17475.2
5846.57;17489
5743.25;17505
5640.29;17523.1
5537.73;17543.4
5435.64;17565.9
5334.09;17590.7
5233.12;17617.8
5132.82;17647.3
5033.23;17679.1
4934.43;17713.2
4836.48;17749.8
4739.45;17788.7
4643.4;17830
4548.39;17873.6
4454.48;17919.5
4361.72;17967.7
4270.16;18018.2
4179.84;18070.8
4090.81;18125.6
4003.11;18182.5
3916.76;18241.4
3831.79;18302.3
3748.22;18365.2
3666.07;18429.8
3585.34;18496.2
3506.05;18564.4
3492.87;18569.3
